,product_name,product_url,product_price,reviews,ratings
0,American Tourister Casual Backpack  ,https://www.amazon.in/American-Tourister-AMT-SCH-02/dp/B07CJCGM1M,₹999,"39,101",4.1 out of 5 stars
1,Half Moon 35 L Casual Waterproof Laptop Bag/Backpack for Men Women Boys Girls/Office School College Teens & Students with Rain Cover (18 Inch) (Navy)  ,https://www.amazon.in/Half-Moon-Waterproof-Backpack-Students/dp/B085MHDJ93,₹689,"9,781",3.9 out of 5 stars
2,SAFARI 15 Ltrs Sea Blue Casual/School/College Backpack (DAYPACKNEO15CBSEB)  ,https://www.amazon.in/SAFARI-Ltrs-Casual-Backpack-DAYPACKNEO15CBSEB/dp/B07Q7CNPMV,₹299,"13,418",4.0 out of 5 stars
3,"TRUE HUMAN Emperor Anti-Theft backpack With USB charging Port and anti -theft back pocket Laptop bag , office bag , college bag ( LEGEND )  ",https://www.amazon.in/TRUE-HUMAN-Anti-Theft-backpack-charging/dp/B09QJ7ZF2Y,₹689,224,3.9 out of 5 stars
4,"Fur Jaden 15.6 Inch Laptop Backpack 25 LTR Bag for School, College and Office with USB Charging Port  ",https://www.amazon.in/Casual-Backpack-Charging-Laptop-Compartment/dp/B07J46KLFP,₹499,"8,165",3.9 out of 5 stars
5,Northzone Lightweight School Bags Backpacks for Boys Girls Stylish Men and Women Casual Travel Laptop Bag College Office (Navy Blue) 40L  ,https://www.amazon.in/Northzone-Polyester-School-Backpack-Compartment/dp/B08678P2T7,₹625,"2,859",4.0 out of 5 stars
6,Martucci 15.6 inch 30 L Casual Waterproof Laptop Backpack/Office Bag/School Bag/College Bag/Business Bag/Unisex Travel Backpack(Black)  ,https://www.amazon.in/Martucci-Casual-Travelling-Laptop-Backpack/dp/B088B4P6ZW,₹599,"3,286",4.1 out of 5 stars
7,Fur Jaden Anti Theft Backpack 15.6 Inch Laptop Bag with USB Charging Port and Water Resistant Fabric  ,https://www.amazon.in/Fur-Jaden-Black-Waterproof-Backpack/dp/B078GLXMDY,₹799,"10,512",4.0 out of 5 stars
8,Fur Jaden Hiking Camping Rucksack Casual 10 Ltrs Blue Casual Backpack  ,https://www.amazon.in/Fur-Jaden-Rucksack-Backpack-BM43_Blue/dp/B07PS38XSP,₹249,"5,932",3.6 out of 5 stars
9,ADISA Laptop Backpack 31 Ltrs  ,https://www.amazon.in/ADISA-BP004-Weight-Casual-Backpack/dp/B07G3CG9FC,₹599,"7,126",4.0 out of 5 stars
10,Gear Classic Anti Theft Faux Leather 18 inch 48 cms Brown Laptop Backpack (LBPCLSLTH0201)  ,https://www.amazon.in/Gear-Classic-Leather-Backpack-LBPCLSLTH0201/dp/B07G4F6XFH,₹989,"3,981",4.4 out of 5 stars
11,Wooum 15.6 inch Laptop Bag Backpack Fashion Rucksack Casual Student School Bag Computer Bag College Bag Office Bag Business Bag Unisex Travel Backpack  ,https://www.amazon.in/Backpack-Fashion-Computer-Business-Black-BlueZip/dp/B08R7J19R8,₹449,"1,158",4.0 out of 5 stars
12,Lunar's Bingo - 48 L Laptop Office/School/Travel/Business Backpack Water Resistant - Fits Up to 15.6 Inch Laptop Notebook with 1 Year Warranty  ,https://www.amazon.in/Lunars-Bingo-Laptop-Resistant-48L/dp/B08YZ5XY31,₹954,"6,125",3.9 out of 5 stars
13,Lunar's Bingo - 48 L Laptop Office/School/Travel/Business Backpack Water Resistant - Fits Up to 15.6 Inch Laptop Notebook with 1 Year Warranty  ,https://www.amazon.in/Lunars-Bingo-Laptop-Resistant-48L/dp/B08YZ8FFBZ,₹899,"6,125",3.9 out of 5 stars
14,"POLESTAR Vintage 32 L College/ School/ Office/ Casual/ Travel Backpack with 15.6"" laptop compartment, suitable for both men & women,1 year warranty  ",https://www.amazon.in/POLESTAR-Vintage-Laptop-Backpack-bagpack/dp/B081GSQ9D9,₹619,"5,601",4.0 out of 5 stars
15,"AirCase C30 13.3 Inch/14 Inch/15.6 Inch Messenger Laptop Bag with Shoulder Strap, Water resistant, Multi Utility Compartments for all All iPad/Tablet (Black)  ",https://www.amazon.in/AirCase-C30-Messenger-Compartments-Multi-Pockets/dp/B07V47HHRG,"₹1,472",856,4.0 out of 5 stars
16,American Tourister Casual Backpack  ,https://www.amazon.in/American-Tourister-AMT-SCH-02/dp/B07CJCGM1M,₹999,"39,101",4.1 out of 5 stars
17,Half Moon 35 L Casual Waterproof Laptop Bag/Backpack for Men Women Boys Girls/Office School College Teens & Students with Rain Cover (18 Inch) (Navy)  ,https://www.amazon.in/Half-Moon-Waterproof-Backpack-Students/dp/B085MHDJ93,₹689,"9,781",3.9 out of 5 stars
18,SAFARI 15 Ltrs Sea Blue Casual/School/College Backpack (DAYPACKNEO15CBSEB)  ,https://www.amazon.in/SAFARI-Ltrs-Casual-Backpack-DAYPACKNEO15CBSEB/dp/B07Q7CNPMV,₹299,"13,418",4.0 out of 5 stars
19,"TRUE HUMAN Emperor Anti-Theft backpack With USB charging Port and anti -theft back pocket Laptop bag , office bag , college bag ( LEGEND )  ",https://www.amazon.in/TRUE-HUMAN-Anti-Theft-backpack-charging/dp/B09QJ7ZF2Y,₹689,224,3.9 out of 5 stars
20,"Fur Jaden 15.6 Inch Laptop Backpack 25 LTR Bag for School, College and Office with USB Charging Port  ",https://www.amazon.in/Casual-Backpack-Charging-Laptop-Compartment/dp/B07J46KLFP,₹499,"8,165",3.9 out of 5 stars
21,Northzone Lightweight School Bags Backpacks for Boys Girls Stylish Men and Women Casual Travel Laptop Bag College Office (Navy Blue) 40L  ,https://www.amazon.in/Northzone-Polyester-School-Backpack-Compartment/dp/B08678P2T7,₹625,"2,859",4.0 out of 5 stars
22,Martucci 15.6 inch 30 L Casual Waterproof Laptop Backpack/Office Bag/School Bag/College Bag/Business Bag/Unisex Travel Backpack(Black)  ,https://www.amazon.in/Martucci-Casual-Travelling-Laptop-Backpack/dp/B088B4P6ZW,₹599,"3,286",4.1 out of 5 stars
23,Fur Jaden Anti Theft Backpack 15.6 Inch Laptop Bag with USB Charging Port and Water Resistant Fabric  ,https://www.amazon.in/Fur-Jaden-Black-Waterproof-Backpack/dp/B078GLXMDY,₹799,"10,512",4.0 out of 5 stars
24,Fur Jaden Hiking Camping Rucksack Casual 10 Ltrs Blue Casual Backpack  ,https://www.amazon.in/Fur-Jaden-Rucksack-Backpack-BM43_Blue/dp/B07PS38XSP,₹249,"5,932",3.6 out of 5 stars
25,ADISA Laptop Backpack 31 Ltrs  ,https://www.amazon.in/ADISA-BP004-Weight-Casual-Backpack/dp/B07G3CG9FC,₹599,"7,126",4.0 out of 5 stars
26,Gear Classic Anti Theft Faux Leather 18 inch 48 cms Brown Laptop Backpack (LBPCLSLTH0201)  ,https://www.amazon.in/Gear-Classic-Leather-Backpack-LBPCLSLTH0201/dp/B07G4F6XFH,₹989,"3,981",4.4 out of 5 stars
27,Wooum 15.6 inch Laptop Bag Backpack Fashion Rucksack Casual Student School Bag Computer Bag College Bag Office Bag Business Bag Unisex Travel Backpack  ,https://www.amazon.in/Backpack-Fashion-Computer-Business-Black-BlueZip/dp/B08R7J19R8,₹449,"1,158",4.0 out of 5 stars
28,Lunar's Bingo - 48 L Laptop Office/School/Travel/Business Backpack Water Resistant - Fits Up to 15.6 Inch Laptop Notebook with 1 Year Warranty  ,https://www.amazon.in/Lunars-Bingo-Laptop-Resistant-48L/dp/B08YZ5XY31,₹954,"6,125",3.9 out of 5 stars
29,Lunar's Bingo - 48 L Laptop Office/School/Travel/Business Backpack Water Resistant - Fits Up to 15.6 Inch Laptop Notebook with 1 Year Warranty  ,https://www.amazon.in/Lunars-Bingo-Laptop-Resistant-48L/dp/B08YZ8FFBZ,₹899,"6,125",3.9 out of 5 stars
30,"POLESTAR Vintage 32 L College/ School/ Office/ Casual/ Travel Backpack with 15.6"" laptop compartment, suitable for both men & women,1 year warranty  ",https://www.amazon.in/POLESTAR-Vintage-Laptop-Backpack-bagpack/dp/B081GSQ9D9,₹619,"5,601",4.0 out of 5 stars
31,"AirCase C30 13.3 Inch/14 Inch/15.6 Inch Messenger Laptop Bag with Shoulder Strap, Water resistant, Multi Utility Compartments for all All iPad/Tablet (Black)  ",https://www.amazon.in/AirCase-C30-Messenger-Compartments-Multi-Pockets/dp/B07V47HHRG,"₹1,472",856,4.0 out of 5 stars
32,American Tourister Casual Backpack  ,https://www.amazon.in/American-Tourister-AMT-SCH-02/dp/B07CJCGM1M,₹999,"39,101",4.1 out of 5 stars
33,Half Moon 35 L Casual Waterproof Laptop Bag/Backpack for Men Women Boys Girls/Office School College Teens & Students with Rain Cover (18 Inch) (Navy)  ,https://www.amazon.in/Half-Moon-Waterproof-Backpack-Students/dp/B085MHDJ93,₹689,"9,781",3.9 out of 5 stars
34,SAFARI 15 Ltrs Sea Blue Casual/School/College Backpack (DAYPACKNEO15CBSEB)  ,https://www.amazon.in/SAFARI-Ltrs-Casual-Backpack-DAYPACKNEO15CBSEB/dp/B07Q7CNPMV,₹299,"13,418",4.0 out of 5 stars
35,"TRUE HUMAN Emperor Anti-Theft backpack With USB charging Port and anti -theft back pocket Laptop bag , office bag , college bag ( LEGEND )  ",https://www.amazon.in/TRUE-HUMAN-Anti-Theft-backpack-charging/dp/B09QJ7ZF2Y,₹689,224,3.9 out of 5 stars
36,"Fur Jaden 15.6 Inch Laptop Backpack 25 LTR Bag for School, College and Office with USB Charging Port  ",https://www.amazon.in/Casual-Backpack-Charging-Laptop-Compartment/dp/B07J46KLFP,₹499,"8,165",3.9 out of 5 stars
37,Northzone Lightweight School Bags Backpacks for Boys Girls Stylish Men and Women Casual Travel Laptop Bag College Office (Navy Blue) 40L  ,https://www.amazon.in/Northzone-Polyester-School-Backpack-Compartment/dp/B08678P2T7,₹625,"2,859",4.0 out of 5 stars
38,Martucci 15.6 inch 30 L Casual Waterproof Laptop Backpack/Office Bag/School Bag/College Bag/Business Bag/Unisex Travel Backpack(Black)  ,https://www.amazon.in/Martucci-Casual-Travelling-Laptop-Backpack/dp/B088B4P6ZW,₹599,"3,286",4.1 out of 5 stars
39,Fur Jaden Anti Theft Backpack 15.6 Inch Laptop Bag with USB Charging Port and Water Resistant Fabric  ,https://www.amazon.in/Fur-Jaden-Black-Waterproof-Backpack/dp/B078GLXMDY,₹799,"10,512",4.0 out of 5 stars
40,Fur Jaden Hiking Camping Rucksack Casual 10 Ltrs Blue Casual Backpack  ,https://www.amazon.in/Fur-Jaden-Rucksack-Backpack-BM43_Blue/dp/B07PS38XSP,₹249,"5,932",3.6 out of 5 stars
41,ADISA Laptop Backpack 31 Ltrs  ,https://www.amazon.in/ADISA-BP004-Weight-Casual-Backpack/dp/B07G3CG9FC,₹599,"7,126",4.0 out of 5 stars
42,Gear Classic Anti Theft Faux Leather 18 inch 48 cms Brown Laptop Backpack (LBPCLSLTH0201)  ,https://www.amazon.in/Gear-Classic-Leather-Backpack-LBPCLSLTH0201/dp/B07G4F6XFH,₹989,"3,981",4.4 out of 5 stars
43,Wooum 15.6 inch Laptop Bag Backpack Fashion Rucksack Casual Student School Bag Computer Bag College Bag Office Bag Business Bag Unisex Travel Backpack  ,https://www.amazon.in/Backpack-Fashion-Computer-Business-Black-BlueZip/dp/B08R7J19R8,₹449,"1,158",4.0 out of 5 stars
44,Lunar's Bingo - 48 L Laptop Office/School/Travel/Business Backpack Water Resistant - Fits Up to 15.6 Inch Laptop Notebook with 1 Year Warranty  ,https://www.amazon.in/Lunars-Bingo-Laptop-Resistant-48L/dp/B08YZ5XY31,₹954,"6,125",3.9 out of 5 stars
45,Lunar's Bingo - 48 L Laptop Office/School/Travel/Business Backpack Water Resistant - Fits Up to 15.6 Inch Laptop Notebook with 1 Year Warranty  ,https://www.amazon.in/Lunars-Bingo-Laptop-Resistant-48L/dp/B08YZ8FFBZ,₹899,"6,125",3.9 out of 5 stars
46,"POLESTAR Vintage 32 L College/ School/ Office/ Casual/ Travel Backpack with 15.6"" laptop compartment, suitable for both men & women,1 year warranty  ",https://www.amazon.in/POLESTAR-Vintage-Laptop-Backpack-bagpack/dp/B081GSQ9D9,₹619,"5,601",4.0 out of 5 stars
47,"AirCase C30 13.3 Inch/14 Inch/15.6 Inch Messenger Laptop Bag with Shoulder Strap, Water resistant, Multi Utility Compartments for all All iPad/Tablet (Black)  ",https://www.amazon.in/AirCase-C30-Messenger-Compartments-Multi-Pockets/dp/B07V47HHRG,"₹1,472",856,4.0 out of 5 stars
48,American Tourister Casual Backpack  ,https://www.amazon.in/American-Tourister-AMT-SCH-02/dp/B07CJCGM1M,₹999,"39,101",4.1 out of 5 stars
49,Half Moon 35 L Casual Waterproof Laptop Bag/Backpack for Men Women Boys Girls/Office School College Teens & Students with Rain Cover (18 Inch) (Navy)  ,https://www.amazon.in/Half-Moon-Waterproof-Backpack-Students/dp/B085MHDJ93,₹689,"9,781",3.9 out of 5 stars
50,SAFARI 15 Ltrs Sea Blue Casual/School/College Backpack (DAYPACKNEO15CBSEB)  ,https://www.amazon.in/SAFARI-Ltrs-Casual-Backpack-DAYPACKNEO15CBSEB/dp/B07Q7CNPMV,₹299,"13,418",4.0 out of 5 stars
51,"TRUE HUMAN Emperor Anti-Theft backpack With USB charging Port and anti -theft back pocket Laptop bag , office bag , college bag ( LEGEND )  ",https://www.amazon.in/TRUE-HUMAN-Anti-Theft-backpack-charging/dp/B09QJ7ZF2Y,₹689,224,3.9 out of 5 stars
52,"Fur Jaden 15.6 Inch Laptop Backpack 25 LTR Bag for School, College and Office with USB Charging Port  ",https://www.amazon.in/Casual-Backpack-Charging-Laptop-Compartment/dp/B07J46KLFP,₹499,"8,165",3.9 out of 5 stars
53,Northzone Lightweight School Bags Backpacks for Boys Girls Stylish Men and Women Casual Travel Laptop Bag College Office (Navy Blue) 40L  ,https://www.amazon.in/Northzone-Polyester-School-Backpack-Compartment/dp/B08678P2T7,₹625,"2,859",4.0 out of 5 stars
54,Martucci 15.6 inch 30 L Casual Waterproof Laptop Backpack/Office Bag/School Bag/College Bag/Business Bag/Unisex Travel Backpack(Black)  ,https://www.amazon.in/Martucci-Casual-Travelling-Laptop-Backpack/dp/B088B4P6ZW,₹599,"3,286",4.1 out of 5 stars
55,Fur Jaden Anti Theft Backpack 15.6 Inch Laptop Bag with USB Charging Port and Water Resistant Fabric  ,https://www.amazon.in/Fur-Jaden-Black-Waterproof-Backpack/dp/B078GLXMDY,₹799,"10,512",4.0 out of 5 stars
56,Fur Jaden Hiking Camping Rucksack Casual 10 Ltrs Blue Casual Backpack  ,https://www.amazon.in/Fur-Jaden-Rucksack-Backpack-BM43_Blue/dp/B07PS38XSP,₹249,"5,932",3.6 out of 5 stars
57,ADISA Laptop Backpack 31 Ltrs  ,https://www.amazon.in/ADISA-BP004-Weight-Casual-Backpack/dp/B07G3CG9FC,₹599,"7,126",4.0 out of 5 stars
58,Gear Classic Anti Theft Faux Leather 18 inch 48 cms Brown Laptop Backpack (LBPCLSLTH0201)  ,https://www.amazon.in/Gear-Classic-Leather-Backpack-LBPCLSLTH0201/dp/B07G4F6XFH,₹989,"3,981",4.4 out of 5 stars
59,Wooum 15.6 inch Laptop Bag Backpack Fashion Rucksack Casual Student School Bag Computer Bag College Bag Office Bag Business Bag Unisex Travel Backpack  ,https://www.amazon.in/Backpack-Fashion-Computer-Business-Black-BlueZip/dp/B08R7J19R8,₹449,"1,158",4.0 out of 5 stars
60,Lunar's Bingo - 48 L Laptop Office/School/Travel/Business Backpack Water Resistant - Fits Up to 15.6 Inch Laptop Notebook with 1 Year Warranty  ,https://www.amazon.in/Lunars-Bingo-Laptop-Resistant-48L/dp/B08YZ5XY31,₹954,"6,125",3.9 out of 5 stars
61,Lunar's Bingo - 48 L Laptop Office/School/Travel/Business Backpack Water Resistant - Fits Up to 15.6 Inch Laptop Notebook with 1 Year Warranty  ,https://www.amazon.in/Lunars-Bingo-Laptop-Resistant-48L/dp/B08YZ8FFBZ,₹899,"6,125",3.9 out of 5 stars
62,"POLESTAR Vintage 32 L College/ School/ Office/ Casual/ Travel Backpack with 15.6"" laptop compartment, suitable for both men & women,1 year warranty  ",https://www.amazon.in/POLESTAR-Vintage-Laptop-Backpack-bagpack/dp/B081GSQ9D9,₹619,"5,601",4.0 out of 5 stars
63,"AirCase C30 13.3 Inch/14 Inch/15.6 Inch Messenger Laptop Bag with Shoulder Strap, Water resistant, Multi Utility Compartments for all All iPad/Tablet (Black)  ",https://www.amazon.in/AirCase-C30-Messenger-Compartments-Multi-Pockets/dp/B07V47HHRG,"₹1,472",856,4.0 out of 5 stars
64,American Tourister Casual Backpack  ,https://www.amazon.in/American-Tourister-AMT-SCH-02/dp/B07CJCGM1M,₹999,"39,101",4.1 out of 5 stars
65,Half Moon 35 L Casual Waterproof Laptop Bag/Backpack for Men Women Boys Girls/Office School College Teens & Students with Rain Cover (18 Inch) (Navy)  ,https://www.amazon.in/Half-Moon-Waterproof-Backpack-Students/dp/B085MHDJ93,₹689,"9,781",3.9 out of 5 stars
66,SAFARI 15 Ltrs Sea Blue Casual/School/College Backpack (DAYPACKNEO15CBSEB)  ,https://www.amazon.in/SAFARI-Ltrs-Casual-Backpack-DAYPACKNEO15CBSEB/dp/B07Q7CNPMV,₹299,"13,418",4.0 out of 5 stars
67,"TRUE HUMAN Emperor Anti-Theft backpack With USB charging Port and anti -theft back pocket Laptop bag , office bag , college bag ( LEGEND )  ",https://www.amazon.in/TRUE-HUMAN-Anti-Theft-backpack-charging/dp/B09QJ7ZF2Y,₹689,224,3.9 out of 5 stars
68,"Fur Jaden 15.6 Inch Laptop Backpack 25 LTR Bag for School, College and Office with USB Charging Port  ",https://www.amazon.in/Casual-Backpack-Charging-Laptop-Compartment/dp/B07J46KLFP,₹499,"8,165",3.9 out of 5 stars
69,Northzone Lightweight School Bags Backpacks for Boys Girls Stylish Men and Women Casual Travel Laptop Bag College Office (Navy Blue) 40L  ,https://www.amazon.in/Northzone-Polyester-School-Backpack-Compartment/dp/B08678P2T7,₹625,"2,859",4.0 out of 5 stars
70,Martucci 15.6 inch 30 L Casual Waterproof Laptop Backpack/Office Bag/School Bag/College Bag/Business Bag/Unisex Travel Backpack(Black)  ,https://www.amazon.in/Martucci-Casual-Travelling-Laptop-Backpack/dp/B088B4P6ZW,₹599,"3,286",4.1 out of 5 stars
71,Fur Jaden Anti Theft Backpack 15.6 Inch Laptop Bag with USB Charging Port and Water Resistant Fabric  ,https://www.amazon.in/Fur-Jaden-Black-Waterproof-Backpack/dp/B078GLXMDY,₹799,"10,512",4.0 out of 5 stars
72,Fur Jaden Hiking Camping Rucksack Casual 10 Ltrs Blue Casual Backpack  ,https://www.amazon.in/Fur-Jaden-Rucksack-Backpack-BM43_Blue/dp/B07PS38XSP,₹249,"5,932",3.6 out of 5 stars
73,ADISA Laptop Backpack 31 Ltrs  ,https://www.amazon.in/ADISA-BP004-Weight-Casual-Backpack/dp/B07G3CG9FC,₹599,"7,126",4.0 out of 5 stars
74,Gear Classic Anti Theft Faux Leather 18 inch 48 cms Brown Laptop Backpack (LBPCLSLTH0201)  ,https://www.amazon.in/Gear-Classic-Leather-Backpack-LBPCLSLTH0201/dp/B07G4F6XFH,₹989,"3,981",4.4 out of 5 stars
75,Wooum 15.6 inch Laptop Bag Backpack Fashion Rucksack Casual Student School Bag Computer Bag College Bag Office Bag Business Bag Unisex Travel Backpack  ,https://www.amazon.in/Backpack-Fashion-Computer-Business-Black-BlueZip/dp/B08R7J19R8,₹449,"1,158",4.0 out of 5 stars
76,Lunar's Bingo - 48 L Laptop Office/School/Travel/Business Backpack Water Resistant - Fits Up to 15.6 Inch Laptop Notebook with 1 Year Warranty  ,https://www.amazon.in/Lunars-Bingo-Laptop-Resistant-48L/dp/B08YZ5XY31,₹954,"6,125",3.9 out of 5 stars
77,Lunar's Bingo - 48 L Laptop Office/School/Travel/Business Backpack Water Resistant - Fits Up to 15.6 Inch Laptop Notebook with 1 Year Warranty  ,https://www.amazon.in/Lunars-Bingo-Laptop-Resistant-48L/dp/B08YZ8FFBZ,₹899,"6,125",3.9 out of 5 stars
78,"POLESTAR Vintage 32 L College/ School/ Office/ Casual/ Travel Backpack with 15.6"" laptop compartment, suitable for both men & women,1 year warranty  ",https://www.amazon.in/POLESTAR-Vintage-Laptop-Backpack-bagpack/dp/B081GSQ9D9,₹619,"5,601",4.0 out of 5 stars
79,"AirCase C30 13.3 Inch/14 Inch/15.6 Inch Messenger Laptop Bag with Shoulder Strap, Water resistant, Multi Utility Compartments for all All iPad/Tablet (Black)  ",https://www.amazon.in/AirCase-C30-Messenger-Compartments-Multi-Pockets/dp/B07V47HHRG,"₹1,472",856,4.0 out of 5 stars
80,American Tourister Casual Backpack  ,https://www.amazon.in/American-Tourister-AMT-SCH-02/dp/B07CJCGM1M,₹999,"39,101",4.1 out of 5 stars
81,Half Moon 35 L Casual Waterproof Laptop Bag/Backpack for Men Women Boys Girls/Office School College Teens & Students with Rain Cover (18 Inch) (Navy)  ,https://www.amazon.in/Half-Moon-Waterproof-Backpack-Students/dp/B085MHDJ93,₹689,"9,781",3.9 out of 5 stars
82,SAFARI 15 Ltrs Sea Blue Casual/School/College Backpack (DAYPACKNEO15CBSEB)  ,https://www.amazon.in/SAFARI-Ltrs-Casual-Backpack-DAYPACKNEO15CBSEB/dp/B07Q7CNPMV,₹299,"13,418",4.0 out of 5 stars
83,"TRUE HUMAN Emperor Anti-Theft backpack With USB charging Port and anti -theft back pocket Laptop bag , office bag , college bag ( LEGEND )  ",https://www.amazon.in/TRUE-HUMAN-Anti-Theft-backpack-charging/dp/B09QJ7ZF2Y,₹689,224,3.9 out of 5 stars
84,"Fur Jaden 15.6 Inch Laptop Backpack 25 LTR Bag for School, College and Office with USB Charging Port  ",https://www.amazon.in/Casual-Backpack-Charging-Laptop-Compartment/dp/B07J46KLFP,₹499,"8,165",3.9 out of 5 stars
85,Northzone Lightweight School Bags Backpacks for Boys Girls Stylish Men and Women Casual Travel Laptop Bag College Office (Navy Blue) 40L  ,https://www.amazon.in/Northzone-Polyester-School-Backpack-Compartment/dp/B08678P2T7,₹625,"2,859",4.0 out of 5 stars
86,Martucci 15.6 inch 30 L Casual Waterproof Laptop Backpack/Office Bag/School Bag/College Bag/Business Bag/Unisex Travel Backpack(Black)  ,https://www.amazon.in/Martucci-Casual-Travelling-Laptop-Backpack/dp/B088B4P6ZW,₹599,"3,286",4.1 out of 5 stars
87,Fur Jaden Anti Theft Backpack 15.6 Inch Laptop Bag with USB Charging Port and Water Resistant Fabric  ,https://www.amazon.in/Fur-Jaden-Black-Waterproof-Backpack/dp/B078GLXMDY,₹799,"10,512",4.0 out of 5 stars
88,Fur Jaden Hiking Camping Rucksack Casual 10 Ltrs Blue Casual Backpack  ,https://www.amazon.in/Fur-Jaden-Rucksack-Backpack-BM43_Blue/dp/B07PS38XSP,₹249,"5,932",3.6 out of 5 stars
89,ADISA Laptop Backpack 31 Ltrs  ,https://www.amazon.in/ADISA-BP004-Weight-Casual-Backpack/dp/B07G3CG9FC,₹599,"7,126",4.0 out of 5 stars
90,Gear Classic Anti Theft Faux Leather 18 inch 48 cms Brown Laptop Backpack (LBPCLSLTH0201)  ,https://www.amazon.in/Gear-Classic-Leather-Backpack-LBPCLSLTH0201/dp/B07G4F6XFH,₹989,"3,981",4.4 out of 5 stars
91,Wooum 15.6 inch Laptop Bag Backpack Fashion Rucksack Casual Student School Bag Computer Bag College Bag Office Bag Business Bag Unisex Travel Backpack  ,https://www.amazon.in/Backpack-Fashion-Computer-Business-Black-BlueZip/dp/B08R7J19R8,₹449,"1,158",4.0 out of 5 stars
92,Lunar's Bingo - 48 L Laptop Office/School/Travel/Business Backpack Water Resistant - Fits Up to 15.6 Inch Laptop Notebook with 1 Year Warranty  ,https://www.amazon.in/Lunars-Bingo-Laptop-Resistant-48L/dp/B08YZ5XY31,₹954,"6,125",3.9 out of 5 stars
93,Lunar's Bingo - 48 L Laptop Office/School/Travel/Business Backpack Water Resistant - Fits Up to 15.6 Inch Laptop Notebook with 1 Year Warranty  ,https://www.amazon.in/Lunars-Bingo-Laptop-Resistant-48L/dp/B08YZ8FFBZ,₹899,"6,125",3.9 out of 5 stars
94,"POLESTAR Vintage 32 L College/ School/ Office/ Casual/ Travel Backpack with 15.6"" laptop compartment, suitable for both men & women,1 year warranty  ",https://www.amazon.in/POLESTAR-Vintage-Laptop-Backpack-bagpack/dp/B081GSQ9D9,₹619,"5,601",4.0 out of 5 stars
95,"AirCase C30 13.3 Inch/14 Inch/15.6 Inch Messenger Laptop Bag with Shoulder Strap, Water resistant, Multi Utility Compartments for all All iPad/Tablet (Black)  ",https://www.amazon.in/AirCase-C30-Messenger-Compartments-Multi-Pockets/dp/B07V47HHRG,"₹1,472",856,4.0 out of 5 stars
96,American Tourister Casual Backpack  ,https://www.amazon.in/American-Tourister-AMT-SCH-02/dp/B07CJCGM1M,₹999,"39,101",4.1 out of 5 stars
97,Half Moon 35 L Casual Waterproof Laptop Bag/Backpack for Men Women Boys Girls/Office School College Teens & Students with Rain Cover (18 Inch) (Navy)  ,https://www.amazon.in/Half-Moon-Waterproof-Backpack-Students/dp/B085MHDJ93,₹689,"9,781",3.9 out of 5 stars
98,SAFARI 15 Ltrs Sea Blue Casual/School/College Backpack (DAYPACKNEO15CBSEB)  ,https://www.amazon.in/SAFARI-Ltrs-Casual-Backpack-DAYPACKNEO15CBSEB/dp/B07Q7CNPMV,₹299,"13,418",4.0 out of 5 stars
99,"TRUE HUMAN Emperor Anti-Theft backpack With USB charging Port and anti -theft back pocket Laptop bag , office bag , college bag ( LEGEND )  ",https://www.amazon.in/TRUE-HUMAN-Anti-Theft-backpack-charging/dp/B09QJ7ZF2Y,₹689,224,3.9 out of 5 stars
100,"Fur Jaden 15.6 Inch Laptop Backpack 25 LTR Bag for School, College and Office with USB Charging Port  ",https://www.amazon.in/Casual-Backpack-Charging-Laptop-Compartment/dp/B07J46KLFP,₹499,"8,165",3.9 out of 5 stars
101,Northzone Lightweight School Bags Backpacks for Boys Girls Stylish Men and Women Casual Travel Laptop Bag College Office (Navy Blue) 40L  ,https://www.amazon.in/Northzone-Polyester-School-Backpack-Compartment/dp/B08678P2T7,₹625,"2,859",4.0 out of 5 stars
102,Martucci 15.6 inch 30 L Casual Waterproof Laptop Backpack/Office Bag/School Bag/College Bag/Business Bag/Unisex Travel Backpack(Black)  ,https://www.amazon.in/Martucci-Casual-Travelling-Laptop-Backpack/dp/B088B4P6ZW,₹599,"3,286",4.1 out of 5 stars
103,Fur Jaden Anti Theft Backpack 15.6 Inch Laptop Bag with USB Charging Port and Water Resistant Fabric  ,https://www.amazon.in/Fur-Jaden-Black-Waterproof-Backpack/dp/B078GLXMDY,₹799,"10,512",4.0 out of 5 stars
104,Fur Jaden Hiking Camping Rucksack Casual 10 Ltrs Blue Casual Backpack  ,https://www.amazon.in/Fur-Jaden-Rucksack-Backpack-BM43_Blue/dp/B07PS38XSP,₹249,"5,932",3.6 out of 5 stars
105,ADISA Laptop Backpack 31 Ltrs  ,https://www.amazon.in/ADISA-BP004-Weight-Casual-Backpack/dp/B07G3CG9FC,₹599,"7,126",4.0 out of 5 stars
106,Gear Classic Anti Theft Faux Leather 18 inch 48 cms Brown Laptop Backpack (LBPCLSLTH0201)  ,https://www.amazon.in/Gear-Classic-Leather-Backpack-LBPCLSLTH0201/dp/B07G4F6XFH,₹989,"3,981",4.4 out of 5 stars
107,Wooum 15.6 inch Laptop Bag Backpack Fashion Rucksack Casual Student School Bag Computer Bag College Bag Office Bag Business Bag Unisex Travel Backpack  ,https://www.amazon.in/Backpack-Fashion-Computer-Business-Black-BlueZip/dp/B08R7J19R8,₹449,"1,158",4.0 out of 5 stars
108,Lunar's Bingo - 48 L Laptop Office/School/Travel/Business Backpack Water Resistant - Fits Up to 15.6 Inch Laptop Notebook with 1 Year Warranty  ,https://www.amazon.in/Lunars-Bingo-Laptop-Resistant-48L/dp/B08YZ5XY31,₹954,"6,125",3.9 out of 5 stars
109,Lunar's Bingo - 48 L Laptop Office/School/Travel/Business Backpack Water Resistant - Fits Up to 15.6 Inch Laptop Notebook with 1 Year Warranty  ,https://www.amazon.in/Lunars-Bingo-Laptop-Resistant-48L/dp/B08YZ8FFBZ,₹899,"6,125",3.9 out of 5 stars
110,"POLESTAR Vintage 32 L College/ School/ Office/ Casual/ Travel Backpack with 15.6"" laptop compartment, suitable for both men & women,1 year warranty  ",https://www.amazon.in/POLESTAR-Vintage-Laptop-Backpack-bagpack/dp/B081GSQ9D9,₹619,"5,601",4.0 out of 5 stars
111,"AirCase C30 13.3 Inch/14 Inch/15.6 Inch Messenger Laptop Bag with Shoulder Strap, Water resistant, Multi Utility Compartments for all All iPad/Tablet (Black)  ",https://www.amazon.in/AirCase-C30-Messenger-Compartments-Multi-Pockets/dp/B07V47HHRG,"₹1,472",856,4.0 out of 5 stars
112,American Tourister Casual Backpack  ,https://www.amazon.in/American-Tourister-AMT-SCH-02/dp/B07CJCGM1M,₹999,"39,101",4.1 out of 5 stars
113,Half Moon 35 L Casual Waterproof Laptop Bag/Backpack for Men Women Boys Girls/Office School College Teens & Students with Rain Cover (18 Inch) (Navy)  ,https://www.amazon.in/Half-Moon-Waterproof-Backpack-Students/dp/B085MHDJ93,₹689,"9,781",3.9 out of 5 stars
114,SAFARI 15 Ltrs Sea Blue Casual/School/College Backpack (DAYPACKNEO15CBSEB)  ,https://www.amazon.in/SAFARI-Ltrs-Casual-Backpack-DAYPACKNEO15CBSEB/dp/B07Q7CNPMV,₹299,"13,418",4.0 out of 5 stars
115,"TRUE HUMAN Emperor Anti-Theft backpack With USB charging Port and anti -theft back pocket Laptop bag , office bag , college bag ( LEGEND )  ",https://www.amazon.in/TRUE-HUMAN-Anti-Theft-backpack-charging/dp/B09QJ7ZF2Y,₹689,224,3.9 out of 5 stars
116,"Fur Jaden 15.6 Inch Laptop Backpack 25 LTR Bag for School, College and Office with USB Charging Port  ",https://www.amazon.in/Casual-Backpack-Charging-Laptop-Compartment/dp/B07J46KLFP,₹499,"8,165",3.9 out of 5 stars
117,Northzone Lightweight School Bags Backpacks for Boys Girls Stylish Men and Women Casual Travel Laptop Bag College Office (Navy Blue) 40L  ,https://www.amazon.in/Northzone-Polyester-School-Backpack-Compartment/dp/B08678P2T7,₹625,"2,859",4.0 out of 5 stars
118,Martucci 15.6 inch 30 L Casual Waterproof Laptop Backpack/Office Bag/School Bag/College Bag/Business Bag/Unisex Travel Backpack(Black)  ,https://www.amazon.in/Martucci-Casual-Travelling-Laptop-Backpack/dp/B088B4P6ZW,₹599,"3,286",4.1 out of 5 stars
119,Fur Jaden Anti Theft Backpack 15.6 Inch Laptop Bag with USB Charging Port and Water Resistant Fabric  ,https://www.amazon.in/Fur-Jaden-Black-Waterproof-Backpack/dp/B078GLXMDY,₹799,"10,512",4.0 out of 5 stars
120,Fur Jaden Hiking Camping Rucksack Casual 10 Ltrs Blue Casual Backpack  ,https://www.amazon.in/Fur-Jaden-Rucksack-Backpack-BM43_Blue/dp/B07PS38XSP,₹249,"5,932",3.6 out of 5 stars
121,ADISA Laptop Backpack 31 Ltrs  ,https://www.amazon.in/ADISA-BP004-Weight-Casual-Backpack/dp/B07G3CG9FC,₹599,"7,126",4.0 out of 5 stars
122,Gear Classic Anti Theft Faux Leather 18 inch 48 cms Brown Laptop Backpack (LBPCLSLTH0201)  ,https://www.amazon.in/Gear-Classic-Leather-Backpack-LBPCLSLTH0201/dp/B07G4F6XFH,₹989,"3,981",4.4 out of 5 stars
123,Wooum 15.6 inch Laptop Bag Backpack Fashion Rucksack Casual Student School Bag Computer Bag College Bag Office Bag Business Bag Unisex Travel Backpack  ,https://www.amazon.in/Backpack-Fashion-Computer-Business-Black-BlueZip/dp/B08R7J19R8,₹449,"1,158",4.0 out of 5 stars
124,Lunar's Bingo - 48 L Laptop Office/School/Travel/Business Backpack Water Resistant - Fits Up to 15.6 Inch Laptop Notebook with 1 Year Warranty  ,https://www.amazon.in/Lunars-Bingo-Laptop-Resistant-48L/dp/B08YZ5XY31,₹954,"6,125",3.9 out of 5 stars
125,Lunar's Bingo - 48 L Laptop Office/School/Travel/Business Backpack Water Resistant - Fits Up to 15.6 Inch Laptop Notebook with 1 Year Warranty  ,https://www.amazon.in/Lunars-Bingo-Laptop-Resistant-48L/dp/B08YZ8FFBZ,₹899,"6,125",3.9 out of 5 stars
126,"POLESTAR Vintage 32 L College/ School/ Office/ Casual/ Travel Backpack with 15.6"" laptop compartment, suitable for both men & women,1 year warranty  ",https://www.amazon.in/POLESTAR-Vintage-Laptop-Backpack-bagpack/dp/B081GSQ9D9,₹619,"5,601",4.0 out of 5 stars
127,"AirCase C30 13.3 Inch/14 Inch/15.6 Inch Messenger Laptop Bag with Shoulder Strap, Water resistant, Multi Utility Compartments for all All iPad/Tablet (Black)  ",https://www.amazon.in/AirCase-C30-Messenger-Compartments-Multi-Pockets/dp/B07V47HHRG,"₹1,472",856,4.0 out of 5 stars
128,American Tourister Casual Backpack  ,https://www.amazon.in/American-Tourister-AMT-SCH-02/dp/B07CJCGM1M,₹999,"39,101",4.1 out of 5 stars
129,Half Moon 35 L Casual Waterproof Laptop Bag/Backpack for Men Women Boys Girls/Office School College Teens & Students with Rain Cover (18 Inch) (Navy)  ,https://www.amazon.in/Half-Moon-Waterproof-Backpack-Students/dp/B085MHDJ93,₹689,"9,781",3.9 out of 5 stars
130,SAFARI 15 Ltrs Sea Blue Casual/School/College Backpack (DAYPACKNEO15CBSEB)  ,https://www.amazon.in/SAFARI-Ltrs-Casual-Backpack-DAYPACKNEO15CBSEB/dp/B07Q7CNPMV,₹299,"13,418",4.0 out of 5 stars
131,"TRUE HUMAN Emperor Anti-Theft backpack With USB charging Port and anti -theft back pocket Laptop bag , office bag , college bag ( LEGEND )  ",https://www.amazon.in/TRUE-HUMAN-Anti-Theft-backpack-charging/dp/B09QJ7ZF2Y,₹689,224,3.9 out of 5 stars
132,"Fur Jaden 15.6 Inch Laptop Backpack 25 LTR Bag for School, College and Office with USB Charging Port  ",https://www.amazon.in/Casual-Backpack-Charging-Laptop-Compartment/dp/B07J46KLFP,₹499,"8,165",3.9 out of 5 stars
133,Northzone Lightweight School Bags Backpacks for Boys Girls Stylish Men and Women Casual Travel Laptop Bag College Office (Navy Blue) 40L  ,https://www.amazon.in/Northzone-Polyester-School-Backpack-Compartment/dp/B08678P2T7,₹625,"2,859",4.0 out of 5 stars
134,Martucci 15.6 inch 30 L Casual Waterproof Laptop Backpack/Office Bag/School Bag/College Bag/Business Bag/Unisex Travel Backpack(Black)  ,https://www.amazon.in/Martucci-Casual-Travelling-Laptop-Backpack/dp/B088B4P6ZW,₹599,"3,286",4.1 out of 5 stars
135,Fur Jaden Anti Theft Backpack 15.6 Inch Laptop Bag with USB Charging Port and Water Resistant Fabric  ,https://www.amazon.in/Fur-Jaden-Black-Waterproof-Backpack/dp/B078GLXMDY,₹799,"10,512",4.0 out of 5 stars
136,Fur Jaden Hiking Camping Rucksack Casual 10 Ltrs Blue Casual Backpack  ,https://www.amazon.in/Fur-Jaden-Rucksack-Backpack-BM43_Blue/dp/B07PS38XSP,₹249,"5,932",3.6 out of 5 stars
137,ADISA Laptop Backpack 31 Ltrs  ,https://www.amazon.in/ADISA-BP004-Weight-Casual-Backpack/dp/B07G3CG9FC,₹599,"7,126",4.0 out of 5 stars
138,Gear Classic Anti Theft Faux Leather 18 inch 48 cms Brown Laptop Backpack (LBPCLSLTH0201)  ,https://www.amazon.in/Gear-Classic-Leather-Backpack-LBPCLSLTH0201/dp/B07G4F6XFH,₹989,"3,981",4.4 out of 5 stars
139,Wooum 15.6 inch Laptop Bag Backpack Fashion Rucksack Casual Student School Bag Computer Bag College Bag Office Bag Business Bag Unisex Travel Backpack  ,https://www.amazon.in/Backpack-Fashion-Computer-Business-Black-BlueZip/dp/B08R7J19R8,₹449,"1,158",4.0 out of 5 stars
140,Lunar's Bingo - 48 L Laptop Office/School/Travel/Business Backpack Water Resistant - Fits Up to 15.6 Inch Laptop Notebook with 1 Year Warranty  ,https://www.amazon.in/Lunars-Bingo-Laptop-Resistant-48L/dp/B08YZ5XY31,₹954,"6,125",3.9 out of 5 stars
141,Lunar's Bingo - 48 L Laptop Office/School/Travel/Business Backpack Water Resistant - Fits Up to 15.6 Inch Laptop Notebook with 1 Year Warranty  ,https://www.amazon.in/Lunars-Bingo-Laptop-Resistant-48L/dp/B08YZ8FFBZ,₹899,"6,125",3.9 out of 5 stars
142,"POLESTAR Vintage 32 L College/ School/ Office/ Casual/ Travel Backpack with 15.6"" laptop compartment, suitable for both men & women,1 year warranty  ",https://www.amazon.in/POLESTAR-Vintage-Laptop-Backpack-bagpack/dp/B081GSQ9D9,₹619,"5,601",4.0 out of 5 stars
143,"AirCase C30 13.3 Inch/14 Inch/15.6 Inch Messenger Laptop Bag with Shoulder Strap, Water resistant, Multi Utility Compartments for all All iPad/Tablet (Black)  ",https://www.amazon.in/AirCase-C30-Messenger-Compartments-Multi-Pockets/dp/B07V47HHRG,"₹1,472",856,4.0 out of 5 stars
144,American Tourister Casual Backpack  ,https://www.amazon.in/American-Tourister-AMT-SCH-02/dp/B07CJCGM1M,₹999,"39,101",4.1 out of 5 stars
145,Half Moon 35 L Casual Waterproof Laptop Bag/Backpack for Men Women Boys Girls/Office School College Teens & Students with Rain Cover (18 Inch) (Navy)  ,https://www.amazon.in/Half-Moon-Waterproof-Backpack-Students/dp/B085MHDJ93,₹689,"9,781",3.9 out of 5 stars
146,SAFARI 15 Ltrs Sea Blue Casual/School/College Backpack (DAYPACKNEO15CBSEB)  ,https://www.amazon.in/SAFARI-Ltrs-Casual-Backpack-DAYPACKNEO15CBSEB/dp/B07Q7CNPMV,₹299,"13,418",4.0 out of 5 stars
147,"TRUE HUMAN Emperor Anti-Theft backpack With USB charging Port and anti -theft back pocket Laptop bag , office bag , college bag ( LEGEND )  ",https://www.amazon.in/TRUE-HUMAN-Anti-Theft-backpack-charging/dp/B09QJ7ZF2Y,₹689,224,3.9 out of 5 stars
148,"Fur Jaden 15.6 Inch Laptop Backpack 25 LTR Bag for School, College and Office with USB Charging Port  ",https://www.amazon.in/Casual-Backpack-Charging-Laptop-Compartment/dp/B07J46KLFP,₹499,"8,165",3.9 out of 5 stars
149,Northzone Lightweight School Bags Backpacks for Boys Girls Stylish Men and Women Casual Travel Laptop Bag College Office (Navy Blue) 40L  ,https://www.amazon.in/Northzone-Polyester-School-Backpack-Compartment/dp/B08678P2T7,₹625,"2,859",4.0 out of 5 stars
150,Martucci 15.6 inch 30 L Casual Waterproof Laptop Backpack/Office Bag/School Bag/College Bag/Business Bag/Unisex Travel Backpack(Black)  ,https://www.amazon.in/Martucci-Casual-Travelling-Laptop-Backpack/dp/B088B4P6ZW,₹599,"3,286",4.1 out of 5 stars
151,Fur Jaden Anti Theft Backpack 15.6 Inch Laptop Bag with USB Charging Port and Water Resistant Fabric  ,https://www.amazon.in/Fur-Jaden-Black-Waterproof-Backpack/dp/B078GLXMDY,₹799,"10,512",4.0 out of 5 stars
152,Fur Jaden Hiking Camping Rucksack Casual 10 Ltrs Blue Casual Backpack  ,https://www.amazon.in/Fur-Jaden-Rucksack-Backpack-BM43_Blue/dp/B07PS38XSP,₹249,"5,932",3.6 out of 5 stars
153,ADISA Laptop Backpack 31 Ltrs  ,https://www.amazon.in/ADISA-BP004-Weight-Casual-Backpack/dp/B07G3CG9FC,₹599,"7,126",4.0 out of 5 stars
154,Gear Classic Anti Theft Faux Leather 18 inch 48 cms Brown Laptop Backpack (LBPCLSLTH0201)  ,https://www.amazon.in/Gear-Classic-Leather-Backpack-LBPCLSLTH0201/dp/B07G4F6XFH,₹989,"3,981",4.4 out of 5 stars
155,Wooum 15.6 inch Laptop Bag Backpack Fashion Rucksack Casual Student School Bag Computer Bag College Bag Office Bag Business Bag Unisex Travel Backpack  ,https://www.amazon.in/Backpack-Fashion-Computer-Business-Black-BlueZip/dp/B08R7J19R8,₹449,"1,158",4.0 out of 5 stars
156,Lunar's Bingo - 48 L Laptop Office/School/Travel/Business Backpack Water Resistant - Fits Up to 15.6 Inch Laptop Notebook with 1 Year Warranty  ,https://www.amazon.in/Lunars-Bingo-Laptop-Resistant-48L/dp/B08YZ5XY31,₹954,"6,125",3.9 out of 5 stars
157,Lunar's Bingo - 48 L Laptop Office/School/Travel/Business Backpack Water Resistant - Fits Up to 15.6 Inch Laptop Notebook with 1 Year Warranty  ,https://www.amazon.in/Lunars-Bingo-Laptop-Resistant-48L/dp/B08YZ8FFBZ,₹899,"6,125",3.9 out of 5 stars
158,"POLESTAR Vintage 32 L College/ School/ Office/ Casual/ Travel Backpack with 15.6"" laptop compartment, suitable for both men & women,1 year warranty  ",https://www.amazon.in/POLESTAR-Vintage-Laptop-Backpack-bagpack/dp/B081GSQ9D9,₹619,"5,601",4.0 out of 5 stars
159,"AirCase C30 13.3 Inch/14 Inch/15.6 Inch Messenger Laptop Bag with Shoulder Strap, Water resistant, Multi Utility Compartments for all All iPad/Tablet (Black)  ",https://www.amazon.in/AirCase-C30-Messenger-Compartments-Multi-Pockets/dp/B07V47HHRG,"₹1,472",856,4.0 out of 5 stars
160,American Tourister Casual Backpack  ,https://www.amazon.in/American-Tourister-AMT-SCH-02/dp/B07CJCGM1M,₹999,"39,101",4.1 out of 5 stars
161,Half Moon 35 L Casual Waterproof Laptop Bag/Backpack for Men Women Boys Girls/Office School College Teens & Students with Rain Cover (18 Inch) (Navy)  ,https://www.amazon.in/Half-Moon-Waterproof-Backpack-Students/dp/B085MHDJ93,₹689,"9,781",3.9 out of 5 stars
162,SAFARI 15 Ltrs Sea Blue Casual/School/College Backpack (DAYPACKNEO15CBSEB)  ,https://www.amazon.in/SAFARI-Ltrs-Casual-Backpack-DAYPACKNEO15CBSEB/dp/B07Q7CNPMV,₹299,"13,418",4.0 out of 5 stars
163,"TRUE HUMAN Emperor Anti-Theft backpack With USB charging Port and anti -theft back pocket Laptop bag , office bag , college bag ( LEGEND )  ",https://www.amazon.in/TRUE-HUMAN-Anti-Theft-backpack-charging/dp/B09QJ7ZF2Y,₹689,224,3.9 out of 5 stars
164,"Fur Jaden 15.6 Inch Laptop Backpack 25 LTR Bag for School, College and Office with USB Charging Port  ",https://www.amazon.in/Casual-Backpack-Charging-Laptop-Compartment/dp/B07J46KLFP,₹499,"8,165",3.9 out of 5 stars
165,Northzone Lightweight School Bags Backpacks for Boys Girls Stylish Men and Women Casual Travel Laptop Bag College Office (Navy Blue) 40L  ,https://www.amazon.in/Northzone-Polyester-School-Backpack-Compartment/dp/B08678P2T7,₹625,"2,859",4.0 out of 5 stars
166,Martucci 15.6 inch 30 L Casual Waterproof Laptop Backpack/Office Bag/School Bag/College Bag/Business Bag/Unisex Travel Backpack(Black)  ,https://www.amazon.in/Martucci-Casual-Travelling-Laptop-Backpack/dp/B088B4P6ZW,₹599,"3,286",4.1 out of 5 stars
167,Fur Jaden Anti Theft Backpack 15.6 Inch Laptop Bag with USB Charging Port and Water Resistant Fabric  ,https://www.amazon.in/Fur-Jaden-Black-Waterproof-Backpack/dp/B078GLXMDY,₹799,"10,512",4.0 out of 5 stars
168,Fur Jaden Hiking Camping Rucksack Casual 10 Ltrs Blue Casual Backpack  ,https://www.amazon.in/Fur-Jaden-Rucksack-Backpack-BM43_Blue/dp/B07PS38XSP,₹249,"5,932",3.6 out of 5 stars
169,ADISA Laptop Backpack 31 Ltrs  ,https://www.amazon.in/ADISA-BP004-Weight-Casual-Backpack/dp/B07G3CG9FC,₹599,"7,126",4.0 out of 5 stars
170,Gear Classic Anti Theft Faux Leather 18 inch 48 cms Brown Laptop Backpack (LBPCLSLTH0201)  ,https://www.amazon.in/Gear-Classic-Leather-Backpack-LBPCLSLTH0201/dp/B07G4F6XFH,₹989,"3,981",4.4 out of 5 stars
171,Wooum 15.6 inch Laptop Bag Backpack Fashion Rucksack Casual Student School Bag Computer Bag College Bag Office Bag Business Bag Unisex Travel Backpack  ,https://www.amazon.in/Backpack-Fashion-Computer-Business-Black-BlueZip/dp/B08R7J19R8,₹449,"1,158",4.0 out of 5 stars
172,Lunar's Bingo - 48 L Laptop Office/School/Travel/Business Backpack Water Resistant - Fits Up to 15.6 Inch Laptop Notebook with 1 Year Warranty  ,https://www.amazon.in/Lunars-Bingo-Laptop-Resistant-48L/dp/B08YZ5XY31,₹954,"6,125",3.9 out of 5 stars
173,Lunar's Bingo - 48 L Laptop Office/School/Travel/Business Backpack Water Resistant - Fits Up to 15.6 Inch Laptop Notebook with 1 Year Warranty  ,https://www.amazon.in/Lunars-Bingo-Laptop-Resistant-48L/dp/B08YZ8FFBZ,₹899,"6,125",3.9 out of 5 stars
174,"POLESTAR Vintage 32 L College/ School/ Office/ Casual/ Travel Backpack with 15.6"" laptop compartment, suitable for both men & women,1 year warranty  ",https://www.amazon.in/POLESTAR-Vintage-Laptop-Backpack-bagpack/dp/B081GSQ9D9,₹619,"5,601",4.0 out of 5 stars
175,"AirCase C30 13.3 Inch/14 Inch/15.6 Inch Messenger Laptop Bag with Shoulder Strap, Water resistant, Multi Utility Compartments for all All iPad/Tablet (Black)  ",https://www.amazon.in/AirCase-C30-Messenger-Compartments-Multi-Pockets/dp/B07V47HHRG,"₹1,472",856,4.0 out of 5 stars
176,American Tourister Casual Backpack  ,https://www.amazon.in/American-Tourister-AMT-SCH-02/dp/B07CJCGM1M,₹999,"39,101",4.1 out of 5 stars
177,Half Moon 35 L Casual Waterproof Laptop Bag/Backpack for Men Women Boys Girls/Office School College Teens & Students with Rain Cover (18 Inch) (Navy)  ,https://www.amazon.in/Half-Moon-Waterproof-Backpack-Students/dp/B085MHDJ93,₹689,"9,781",3.9 out of 5 stars
178,SAFARI 15 Ltrs Sea Blue Casual/School/College Backpack (DAYPACKNEO15CBSEB)  ,https://www.amazon.in/SAFARI-Ltrs-Casual-Backpack-DAYPACKNEO15CBSEB/dp/B07Q7CNPMV,₹299,"13,418",4.0 out of 5 stars
179,"TRUE HUMAN Emperor Anti-Theft backpack With USB charging Port and anti -theft back pocket Laptop bag , office bag , college bag ( LEGEND )  ",https://www.amazon.in/TRUE-HUMAN-Anti-Theft-backpack-charging/dp/B09QJ7ZF2Y,₹689,224,3.9 out of 5 stars
180,"Fur Jaden 15.6 Inch Laptop Backpack 25 LTR Bag for School, College and Office with USB Charging Port  ",https://www.amazon.in/Casual-Backpack-Charging-Laptop-Compartment/dp/B07J46KLFP,₹499,"8,165",3.9 out of 5 stars
181,Northzone Lightweight School Bags Backpacks for Boys Girls Stylish Men and Women Casual Travel Laptop Bag College Office (Navy Blue) 40L  ,https://www.amazon.in/Northzone-Polyester-School-Backpack-Compartment/dp/B08678P2T7,₹625,"2,859",4.0 out of 5 stars
182,Martucci 15.6 inch 30 L Casual Waterproof Laptop Backpack/Office Bag/School Bag/College Bag/Business Bag/Unisex Travel Backpack(Black)  ,https://www.amazon.in/Martucci-Casual-Travelling-Laptop-Backpack/dp/B088B4P6ZW,₹599,"3,286",4.1 out of 5 stars
183,Fur Jaden Anti Theft Backpack 15.6 Inch Laptop Bag with USB Charging Port and Water Resistant Fabric  ,https://www.amazon.in/Fur-Jaden-Black-Waterproof-Backpack/dp/B078GLXMDY,₹799,"10,512",4.0 out of 5 stars
184,Fur Jaden Hiking Camping Rucksack Casual 10 Ltrs Blue Casual Backpack  ,https://www.amazon.in/Fur-Jaden-Rucksack-Backpack-BM43_Blue/dp/B07PS38XSP,₹249,"5,932",3.6 out of 5 stars
185,ADISA Laptop Backpack 31 Ltrs  ,https://www.amazon.in/ADISA-BP004-Weight-Casual-Backpack/dp/B07G3CG9FC,₹599,"7,126",4.0 out of 5 stars
186,Gear Classic Anti Theft Faux Leather 18 inch 48 cms Brown Laptop Backpack (LBPCLSLTH0201)  ,https://www.amazon.in/Gear-Classic-Leather-Backpack-LBPCLSLTH0201/dp/B07G4F6XFH,₹989,"3,981",4.4 out of 5 stars
187,Wooum 15.6 inch Laptop Bag Backpack Fashion Rucksack Casual Student School Bag Computer Bag College Bag Office Bag Business Bag Unisex Travel Backpack  ,https://www.amazon.in/Backpack-Fashion-Computer-Business-Black-BlueZip/dp/B08R7J19R8,₹449,"1,158",4.0 out of 5 stars
188,Lunar's Bingo - 48 L Laptop Office/School/Travel/Business Backpack Water Resistant - Fits Up to 15.6 Inch Laptop Notebook with 1 Year Warranty  ,https://www.amazon.in/Lunars-Bingo-Laptop-Resistant-48L/dp/B08YZ5XY31,₹954,"6,125",3.9 out of 5 stars
189,Lunar's Bingo - 48 L Laptop Office/School/Travel/Business Backpack Water Resistant - Fits Up to 15.6 Inch Laptop Notebook with 1 Year Warranty  ,https://www.amazon.in/Lunars-Bingo-Laptop-Resistant-48L/dp/B08YZ8FFBZ,₹899,"6,125",3.9 out of 5 stars
190,"POLESTAR Vintage 32 L College/ School/ Office/ Casual/ Travel Backpack with 15.6"" laptop compartment, suitable for both men & women,1 year warranty  ",https://www.amazon.in/POLESTAR-Vintage-Laptop-Backpack-bagpack/dp/B081GSQ9D9,₹619,"5,601",4.0 out of 5 stars
191,"AirCase C30 13.3 Inch/14 Inch/15.6 Inch Messenger Laptop Bag with Shoulder Strap, Water resistant, Multi Utility Compartments for all All iPad/Tablet (Black)  ",https://www.amazon.in/AirCase-C30-Messenger-Compartments-Multi-Pockets/dp/B07V47HHRG,"₹1,472",856,4.0 out of 5 stars
192,American Tourister Casual Backpack  ,https://www.amazon.in/American-Tourister-AMT-SCH-02/dp/B07CJCGM1M,₹999,"39,101",4.1 out of 5 stars
193,Half Moon 35 L Casual Waterproof Laptop Bag/Backpack for Men Women Boys Girls/Office School College Teens & Students with Rain Cover (18 Inch) (Navy)  ,https://www.amazon.in/Half-Moon-Waterproof-Backpack-Students/dp/B085MHDJ93,₹689,"9,781",3.9 out of 5 stars
194,SAFARI 15 Ltrs Sea Blue Casual/School/College Backpack (DAYPACKNEO15CBSEB)  ,https://www.amazon.in/SAFARI-Ltrs-Casual-Backpack-DAYPACKNEO15CBSEB/dp/B07Q7CNPMV,₹299,"13,418",4.0 out of 5 stars
195,"TRUE HUMAN Emperor Anti-Theft backpack With USB charging Port and anti -theft back pocket Laptop bag , office bag , college bag ( LEGEND )  ",https://www.amazon.in/TRUE-HUMAN-Anti-Theft-backpack-charging/dp/B09QJ7ZF2Y,₹689,224,3.9 out of 5 stars
196,"Fur Jaden 15.6 Inch Laptop Backpack 25 LTR Bag for School, College and Office with USB Charging Port  ",https://www.amazon.in/Casual-Backpack-Charging-Laptop-Compartment/dp/B07J46KLFP,₹499,"8,165",3.9 out of 5 stars
197,Northzone Lightweight School Bags Backpacks for Boys Girls Stylish Men and Women Casual Travel Laptop Bag College Office (Navy Blue) 40L  ,https://www.amazon.in/Northzone-Polyester-School-Backpack-Compartment/dp/B08678P2T7,₹625,"2,859",4.0 out of 5 stars
198,Martucci 15.6 inch 30 L Casual Waterproof Laptop Backpack/Office Bag/School Bag/College Bag/Business Bag/Unisex Travel Backpack(Black)  ,https://www.amazon.in/Martucci-Casual-Travelling-Laptop-Backpack/dp/B088B4P6ZW,₹599,"3,286",4.1 out of 5 stars
199,Fur Jaden Anti Theft Backpack 15.6 Inch Laptop Bag with USB Charging Port and Water Resistant Fabric  ,https://www.amazon.in/Fur-Jaden-Black-Waterproof-Backpack/dp/B078GLXMDY,₹799,"10,512",4.0 out of 5 stars
200,Fur Jaden Hiking Camping Rucksack Casual 10 Ltrs Blue Casual Backpack  ,https://www.amazon.in/Fur-Jaden-Rucksack-Backpack-BM43_Blue/dp/B07PS38XSP,₹249,"5,932",3.6 out of 5 stars
201,ADISA Laptop Backpack 31 Ltrs  ,https://www.amazon.in/ADISA-BP004-Weight-Casual-Backpack/dp/B07G3CG9FC,₹599,"7,126",4.0 out of 5 stars
202,Gear Classic Anti Theft Faux Leather 18 inch 48 cms Brown Laptop Backpack (LBPCLSLTH0201)  ,https://www.amazon.in/Gear-Classic-Leather-Backpack-LBPCLSLTH0201/dp/B07G4F6XFH,₹989,"3,981",4.4 out of 5 stars
203,Wooum 15.6 inch Laptop Bag Backpack Fashion Rucksack Casual Student School Bag Computer Bag College Bag Office Bag Business Bag Unisex Travel Backpack  ,https://www.amazon.in/Backpack-Fashion-Computer-Business-Black-BlueZip/dp/B08R7J19R8,₹449,"1,158",4.0 out of 5 stars
204,Lunar's Bingo - 48 L Laptop Office/School/Travel/Business Backpack Water Resistant - Fits Up to 15.6 Inch Laptop Notebook with 1 Year Warranty  ,https://www.amazon.in/Lunars-Bingo-Laptop-Resistant-48L/dp/B08YZ5XY31,₹954,"6,125",3.9 out of 5 stars
205,Lunar's Bingo - 48 L Laptop Office/School/Travel/Business Backpack Water Resistant - Fits Up to 15.6 Inch Laptop Notebook with 1 Year Warranty  ,https://www.amazon.in/Lunars-Bingo-Laptop-Resistant-48L/dp/B08YZ8FFBZ,₹899,"6,125",3.9 out of 5 stars
206,"POLESTAR Vintage 32 L College/ School/ Office/ Casual/ Travel Backpack with 15.6"" laptop compartment, suitable for both men & women,1 year warranty  ",https://www.amazon.in/POLESTAR-Vintage-Laptop-Backpack-bagpack/dp/B081GSQ9D9,₹619,"5,601",4.0 out of 5 stars
207,"AirCase C30 13.3 Inch/14 Inch/15.6 Inch Messenger Laptop Bag with Shoulder Strap, Water resistant, Multi Utility Compartments for all All iPad/Tablet (Black)  ",https://www.amazon.in/AirCase-C30-Messenger-Compartments-Multi-Pockets/dp/B07V47HHRG,"₹1,472",856,4.0 out of 5 stars
208,American Tourister Casual Backpack  ,https://www.amazon.in/American-Tourister-AMT-SCH-02/dp/B07CJCGM1M,₹999,"39,101",4.1 out of 5 stars
209,Half Moon 35 L Casual Waterproof Laptop Bag/Backpack for Men Women Boys Girls/Office School College Teens & Students with Rain Cover (18 Inch) (Navy)  ,https://www.amazon.in/Half-Moon-Waterproof-Backpack-Students/dp/B085MHDJ93,₹689,"9,781",3.9 out of 5 stars
210,SAFARI 15 Ltrs Sea Blue Casual/School/College Backpack (DAYPACKNEO15CBSEB)  ,https://www.amazon.in/SAFARI-Ltrs-Casual-Backpack-DAYPACKNEO15CBSEB/dp/B07Q7CNPMV,₹299,"13,418",4.0 out of 5 stars
211,"TRUE HUMAN Emperor Anti-Theft backpack With USB charging Port and anti -theft back pocket Laptop bag , office bag , college bag ( LEGEND )  ",https://www.amazon.in/TRUE-HUMAN-Anti-Theft-backpack-charging/dp/B09QJ7ZF2Y,₹689,224,3.9 out of 5 stars
212,"Fur Jaden 15.6 Inch Laptop Backpack 25 LTR Bag for School, College and Office with USB Charging Port  ",https://www.amazon.in/Casual-Backpack-Charging-Laptop-Compartment/dp/B07J46KLFP,₹499,"8,165",3.9 out of 5 stars
213,Northzone Lightweight School Bags Backpacks for Boys Girls Stylish Men and Women Casual Travel Laptop Bag College Office (Navy Blue) 40L  ,https://www.amazon.in/Northzone-Polyester-School-Backpack-Compartment/dp/B08678P2T7,₹625,"2,859",4.0 out of 5 stars
214,Martucci 15.6 inch 30 L Casual Waterproof Laptop Backpack/Office Bag/School Bag/College Bag/Business Bag/Unisex Travel Backpack(Black)  ,https://www.amazon.in/Martucci-Casual-Travelling-Laptop-Backpack/dp/B088B4P6ZW,₹599,"3,286",4.1 out of 5 stars
215,Fur Jaden Anti Theft Backpack 15.6 Inch Laptop Bag with USB Charging Port and Water Resistant Fabric  ,https://www.amazon.in/Fur-Jaden-Black-Waterproof-Backpack/dp/B078GLXMDY,₹799,"10,512",4.0 out of 5 stars
216,Fur Jaden Hiking Camping Rucksack Casual 10 Ltrs Blue Casual Backpack  ,https://www.amazon.in/Fur-Jaden-Rucksack-Backpack-BM43_Blue/dp/B07PS38XSP,₹249,"5,932",3.6 out of 5 stars
217,ADISA Laptop Backpack 31 Ltrs  ,https://www.amazon.in/ADISA-BP004-Weight-Casual-Backpack/dp/B07G3CG9FC,₹599,"7,126",4.0 out of 5 stars
218,Gear Classic Anti Theft Faux Leather 18 inch 48 cms Brown Laptop Backpack (LBPCLSLTH0201)  ,https://www.amazon.in/Gear-Classic-Leather-Backpack-LBPCLSLTH0201/dp/B07G4F6XFH,₹989,"3,981",4.4 out of 5 stars
219,Wooum 15.6 inch Laptop Bag Backpack Fashion Rucksack Casual Student School Bag Computer Bag College Bag Office Bag Business Bag Unisex Travel Backpack  ,https://www.amazon.in/Backpack-Fashion-Computer-Business-Black-BlueZip/dp/B08R7J19R8,₹449,"1,158",4.0 out of 5 stars
220,Lunar's Bingo - 48 L Laptop Office/School/Travel/Business Backpack Water Resistant - Fits Up to 15.6 Inch Laptop Notebook with 1 Year Warranty  ,https://www.amazon.in/Lunars-Bingo-Laptop-Resistant-48L/dp/B08YZ5XY31,₹954,"6,125",3.9 out of 5 stars
221,Lunar's Bingo - 48 L Laptop Office/School/Travel/Business Backpack Water Resistant - Fits Up to 15.6 Inch Laptop Notebook with 1 Year Warranty  ,https://www.amazon.in/Lunars-Bingo-Laptop-Resistant-48L/dp/B08YZ8FFBZ,₹899,"6,125",3.9 out of 5 stars
222,"POLESTAR Vintage 32 L College/ School/ Office/ Casual/ Travel Backpack with 15.6"" laptop compartment, suitable for both men & women,1 year warranty  ",https://www.amazon.in/POLESTAR-Vintage-Laptop-Backpack-bagpack/dp/B081GSQ9D9,₹619,"5,601",4.0 out of 5 stars
223,"AirCase C30 13.3 Inch/14 Inch/15.6 Inch Messenger Laptop Bag with Shoulder Strap, Water resistant, Multi Utility Compartments for all All iPad/Tablet (Black)  ",https://www.amazon.in/AirCase-C30-Messenger-Compartments-Multi-Pockets/dp/B07V47HHRG,"₹1,472",856,4.0 out of 5 stars
224,American Tourister Casual Backpack  ,https://www.amazon.in/American-Tourister-AMT-SCH-02/dp/B07CJCGM1M,₹999,"39,101",4.1 out of 5 stars
225,Half Moon 35 L Casual Waterproof Laptop Bag/Backpack for Men Women Boys Girls/Office School College Teens & Students with Rain Cover (18 Inch) (Navy)  ,https://www.amazon.in/Half-Moon-Waterproof-Backpack-Students/dp/B085MHDJ93,₹689,"9,781",3.9 out of 5 stars
226,SAFARI 15 Ltrs Sea Blue Casual/School/College Backpack (DAYPACKNEO15CBSEB)  ,https://www.amazon.in/SAFARI-Ltrs-Casual-Backpack-DAYPACKNEO15CBSEB/dp/B07Q7CNPMV,₹299,"13,418",4.0 out of 5 stars
227,"TRUE HUMAN Emperor Anti-Theft backpack With USB charging Port and anti -theft back pocket Laptop bag , office bag , college bag ( LEGEND )  ",https://www.amazon.in/TRUE-HUMAN-Anti-Theft-backpack-charging/dp/B09QJ7ZF2Y,₹689,224,3.9 out of 5 stars
228,"Fur Jaden 15.6 Inch Laptop Backpack 25 LTR Bag for School, College and Office with USB Charging Port  ",https://www.amazon.in/Casual-Backpack-Charging-Laptop-Compartment/dp/B07J46KLFP,₹499,"8,165",3.9 out of 5 stars
229,Northzone Lightweight School Bags Backpacks for Boys Girls Stylish Men and Women Casual Travel Laptop Bag College Office (Navy Blue) 40L  ,https://www.amazon.in/Northzone-Polyester-School-Backpack-Compartment/dp/B08678P2T7,₹625,"2,859",4.0 out of 5 stars
230,Martucci 15.6 inch 30 L Casual Waterproof Laptop Backpack/Office Bag/School Bag/College Bag/Business Bag/Unisex Travel Backpack(Black)  ,https://www.amazon.in/Martucci-Casual-Travelling-Laptop-Backpack/dp/B088B4P6ZW,₹599,"3,286",4.1 out of 5 stars
231,Fur Jaden Anti Theft Backpack 15.6 Inch Laptop Bag with USB Charging Port and Water Resistant Fabric  ,https://www.amazon.in/Fur-Jaden-Black-Waterproof-Backpack/dp/B078GLXMDY,₹799,"10,512",4.0 out of 5 stars
232,Fur Jaden Hiking Camping Rucksack Casual 10 Ltrs Blue Casual Backpack  ,https://www.amazon.in/Fur-Jaden-Rucksack-Backpack-BM43_Blue/dp/B07PS38XSP,₹249,"5,932",3.6 out of 5 stars
233,ADISA Laptop Backpack 31 Ltrs  ,https://www.amazon.in/ADISA-BP004-Weight-Casual-Backpack/dp/B07G3CG9FC,₹599,"7,126",4.0 out of 5 stars
234,Gear Classic Anti Theft Faux Leather 18 inch 48 cms Brown Laptop Backpack (LBPCLSLTH0201)  ,https://www.amazon.in/Gear-Classic-Leather-Backpack-LBPCLSLTH0201/dp/B07G4F6XFH,₹989,"3,981",4.4 out of 5 stars
235,Wooum 15.6 inch Laptop Bag Backpack Fashion Rucksack Casual Student School Bag Computer Bag College Bag Office Bag Business Bag Unisex Travel Backpack  ,https://www.amazon.in/Backpack-Fashion-Computer-Business-Black-BlueZip/dp/B08R7J19R8,₹449,"1,158",4.0 out of 5 stars
236,Lunar's Bingo - 48 L Laptop Office/School/Travel/Business Backpack Water Resistant - Fits Up to 15.6 Inch Laptop Notebook with 1 Year Warranty  ,https://www.amazon.in/Lunars-Bingo-Laptop-Resistant-48L/dp/B08YZ5XY31,₹954,"6,125",3.9 out of 5 stars
237,Lunar's Bingo - 48 L Laptop Office/School/Travel/Business Backpack Water Resistant - Fits Up to 15.6 Inch Laptop Notebook with 1 Year Warranty  ,https://www.amazon.in/Lunars-Bingo-Laptop-Resistant-48L/dp/B08YZ8FFBZ,₹899,"6,125",3.9 out of 5 stars
238,"POLESTAR Vintage 32 L College/ School/ Office/ Casual/ Travel Backpack with 15.6"" laptop compartment, suitable for both men & women,1 year warranty  ",https://www.amazon.in/POLESTAR-Vintage-Laptop-Backpack-bagpack/dp/B081GSQ9D9,₹619,"5,601",4.0 out of 5 stars
239,"AirCase C30 13.3 Inch/14 Inch/15.6 Inch Messenger Laptop Bag with Shoulder Strap, Water resistant, Multi Utility Compartments for all All iPad/Tablet (Black)  ",https://www.amazon.in/AirCase-C30-Messenger-Compartments-Multi-Pockets/dp/B07V47HHRG,"₹1,472",856,4.0 out of 5 stars
240,American Tourister Casual Backpack  ,https://www.amazon.in/American-Tourister-AMT-SCH-02/dp/B07CJCGM1M,₹999,"39,101",4.1 out of 5 stars
241,Half Moon 35 L Casual Waterproof Laptop Bag/Backpack for Men Women Boys Girls/Office School College Teens & Students with Rain Cover (18 Inch) (Navy)  ,https://www.amazon.in/Half-Moon-Waterproof-Backpack-Students/dp/B085MHDJ93,₹689,"9,781",3.9 out of 5 stars
242,SAFARI 15 Ltrs Sea Blue Casual/School/College Backpack (DAYPACKNEO15CBSEB)  ,https://www.amazon.in/SAFARI-Ltrs-Casual-Backpack-DAYPACKNEO15CBSEB/dp/B07Q7CNPMV,₹299,"13,418",4.0 out of 5 stars
243,"TRUE HUMAN Emperor Anti-Theft backpack With USB charging Port and anti -theft back pocket Laptop bag , office bag , college bag ( LEGEND )  ",https://www.amazon.in/TRUE-HUMAN-Anti-Theft-backpack-charging/dp/B09QJ7ZF2Y,₹689,224,3.9 out of 5 stars
244,"Fur Jaden 15.6 Inch Laptop Backpack 25 LTR Bag for School, College and Office with USB Charging Port  ",https://www.amazon.in/Casual-Backpack-Charging-Laptop-Compartment/dp/B07J46KLFP,₹499,"8,165",3.9 out of 5 stars
245,Northzone Lightweight School Bags Backpacks for Boys Girls Stylish Men and Women Casual Travel Laptop Bag College Office (Navy Blue) 40L  ,https://www.amazon.in/Northzone-Polyester-School-Backpack-Compartment/dp/B08678P2T7,₹625,"2,859",4.0 out of 5 stars
246,Martucci 15.6 inch 30 L Casual Waterproof Laptop Backpack/Office Bag/School Bag/College Bag/Business Bag/Unisex Travel Backpack(Black)  ,https://www.amazon.in/Martucci-Casual-Travelling-Laptop-Backpack/dp/B088B4P6ZW,₹599,"3,286",4.1 out of 5 stars
247,Fur Jaden Anti Theft Backpack 15.6 Inch Laptop Bag with USB Charging Port and Water Resistant Fabric  ,https://www.amazon.in/Fur-Jaden-Black-Waterproof-Backpack/dp/B078GLXMDY,₹799,"10,512",4.0 out of 5 stars
248,Fur Jaden Hiking Camping Rucksack Casual 10 Ltrs Blue Casual Backpack  ,https://www.amazon.in/Fur-Jaden-Rucksack-Backpack-BM43_Blue/dp/B07PS38XSP,₹249,"5,932",3.6 out of 5 stars
249,ADISA Laptop Backpack 31 Ltrs  ,https://www.amazon.in/ADISA-BP004-Weight-Casual-Backpack/dp/B07G3CG9FC,₹599,"7,126",4.0 out of 5 stars
250,Gear Classic Anti Theft Faux Leather 18 inch 48 cms Brown Laptop Backpack (LBPCLSLTH0201)  ,https://www.amazon.in/Gear-Classic-Leather-Backpack-LBPCLSLTH0201/dp/B07G4F6XFH,₹989,"3,981",4.4 out of 5 stars
251,Wooum 15.6 inch Laptop Bag Backpack Fashion Rucksack Casual Student School Bag Computer Bag College Bag Office Bag Business Bag Unisex Travel Backpack  ,https://www.amazon.in/Backpack-Fashion-Computer-Business-Black-BlueZip/dp/B08R7J19R8,₹449,"1,158",4.0 out of 5 stars
252,Lunar's Bingo - 48 L Laptop Office/School/Travel/Business Backpack Water Resistant - Fits Up to 15.6 Inch Laptop Notebook with 1 Year Warranty  ,https://www.amazon.in/Lunars-Bingo-Laptop-Resistant-48L/dp/B08YZ5XY31,₹954,"6,125",3.9 out of 5 stars
253,Lunar's Bingo - 48 L Laptop Office/School/Travel/Business Backpack Water Resistant - Fits Up to 15.6 Inch Laptop Notebook with 1 Year Warranty  ,https://www.amazon.in/Lunars-Bingo-Laptop-Resistant-48L/dp/B08YZ8FFBZ,₹899,"6,125",3.9 out of 5 stars
254,"POLESTAR Vintage 32 L College/ School/ Office/ Casual/ Travel Backpack with 15.6"" laptop compartment, suitable for both men & women,1 year warranty  ",https://www.amazon.in/POLESTAR-Vintage-Laptop-Backpack-bagpack/dp/B081GSQ9D9,₹619,"5,601",4.0 out of 5 stars
255,"AirCase C30 13.3 Inch/14 Inch/15.6 Inch Messenger Laptop Bag with Shoulder Strap, Water resistant, Multi Utility Compartments for all All iPad/Tablet (Black)  ",https://www.amazon.in/AirCase-C30-Messenger-Compartments-Multi-Pockets/dp/B07V47HHRG,"₹1,472",856,4.0 out of 5 stars
256,American Tourister Casual Backpack  ,https://www.amazon.in/American-Tourister-AMT-SCH-02/dp/B07CJCGM1M,₹999,"39,101",4.1 out of 5 stars
257,Half Moon 35 L Casual Waterproof Laptop Bag/Backpack for Men Women Boys Girls/Office School College Teens & Students with Rain Cover (18 Inch) (Navy)  ,https://www.amazon.in/Half-Moon-Waterproof-Backpack-Students/dp/B085MHDJ93,₹689,"9,781",3.9 out of 5 stars
258,SAFARI 15 Ltrs Sea Blue Casual/School/College Backpack (DAYPACKNEO15CBSEB)  ,https://www.amazon.in/SAFARI-Ltrs-Casual-Backpack-DAYPACKNEO15CBSEB/dp/B07Q7CNPMV,₹299,"13,418",4.0 out of 5 stars
259,"TRUE HUMAN Emperor Anti-Theft backpack With USB charging Port and anti -theft back pocket Laptop bag , office bag , college bag ( LEGEND )  ",https://www.amazon.in/TRUE-HUMAN-Anti-Theft-backpack-charging/dp/B09QJ7ZF2Y,₹689,224,3.9 out of 5 stars
260,"Fur Jaden 15.6 Inch Laptop Backpack 25 LTR Bag for School, College and Office with USB Charging Port  ",https://www.amazon.in/Casual-Backpack-Charging-Laptop-Compartment/dp/B07J46KLFP,₹499,"8,165",3.9 out of 5 stars
261,Northzone Lightweight School Bags Backpacks for Boys Girls Stylish Men and Women Casual Travel Laptop Bag College Office (Navy Blue) 40L  ,https://www.amazon.in/Northzone-Polyester-School-Backpack-Compartment/dp/B08678P2T7,₹625,"2,859",4.0 out of 5 stars
262,Martucci 15.6 inch 30 L Casual Waterproof Laptop Backpack/Office Bag/School Bag/College Bag/Business Bag/Unisex Travel Backpack(Black)  ,https://www.amazon.in/Martucci-Casual-Travelling-Laptop-Backpack/dp/B088B4P6ZW,₹599,"3,286",4.1 out of 5 stars
263,Fur Jaden Anti Theft Backpack 15.6 Inch Laptop Bag with USB Charging Port and Water Resistant Fabric  ,https://www.amazon.in/Fur-Jaden-Black-Waterproof-Backpack/dp/B078GLXMDY,₹799,"10,512",4.0 out of 5 stars
264,Fur Jaden Hiking Camping Rucksack Casual 10 Ltrs Blue Casual Backpack  ,https://www.amazon.in/Fur-Jaden-Rucksack-Backpack-BM43_Blue/dp/B07PS38XSP,₹249,"5,932",3.6 out of 5 stars
265,ADISA Laptop Backpack 31 Ltrs  ,https://www.amazon.in/ADISA-BP004-Weight-Casual-Backpack/dp/B07G3CG9FC,₹599,"7,126",4.0 out of 5 stars
266,Gear Classic Anti Theft Faux Leather 18 inch 48 cms Brown Laptop Backpack (LBPCLSLTH0201)  ,https://www.amazon.in/Gear-Classic-Leather-Backpack-LBPCLSLTH0201/dp/B07G4F6XFH,₹989,"3,981",4.4 out of 5 stars
267,Wooum 15.6 inch Laptop Bag Backpack Fashion Rucksack Casual Student School Bag Computer Bag College Bag Office Bag Business Bag Unisex Travel Backpack  ,https://www.amazon.in/Backpack-Fashion-Computer-Business-Black-BlueZip/dp/B08R7J19R8,₹449,"1,158",4.0 out of 5 stars
268,Lunar's Bingo - 48 L Laptop Office/School/Travel/Business Backpack Water Resistant - Fits Up to 15.6 Inch Laptop Notebook with 1 Year Warranty  ,https://www.amazon.in/Lunars-Bingo-Laptop-Resistant-48L/dp/B08YZ5XY31,₹954,"6,125",3.9 out of 5 stars
269,Lunar's Bingo - 48 L Laptop Office/School/Travel/Business Backpack Water Resistant - Fits Up to 15.6 Inch Laptop Notebook with 1 Year Warranty  ,https://www.amazon.in/Lunars-Bingo-Laptop-Resistant-48L/dp/B08YZ8FFBZ,₹899,"6,125",3.9 out of 5 stars
270,"POLESTAR Vintage 32 L College/ School/ Office/ Casual/ Travel Backpack with 15.6"" laptop compartment, suitable for both men & women,1 year warranty  ",https://www.amazon.in/POLESTAR-Vintage-Laptop-Backpack-bagpack/dp/B081GSQ9D9,₹619,"5,601",4.0 out of 5 stars
271,"AirCase C30 13.3 Inch/14 Inch/15.6 Inch Messenger Laptop Bag with Shoulder Strap, Water resistant, Multi Utility Compartments for all All iPad/Tablet (Black)  ",https://www.amazon.in/AirCase-C30-Messenger-Compartments-Multi-Pockets/dp/B07V47HHRG,"₹1,472",856,4.0 out of 5 stars
272,American Tourister Casual Backpack  ,https://www.amazon.in/American-Tourister-AMT-SCH-02/dp/B07CJCGM1M,₹999,"39,101",4.1 out of 5 stars
273,Half Moon 35 L Casual Waterproof Laptop Bag/Backpack for Men Women Boys Girls/Office School College Teens & Students with Rain Cover (18 Inch) (Navy)  ,https://www.amazon.in/Half-Moon-Waterproof-Backpack-Students/dp/B085MHDJ93,₹689,"9,781",3.9 out of 5 stars
274,SAFARI 15 Ltrs Sea Blue Casual/School/College Backpack (DAYPACKNEO15CBSEB)  ,https://www.amazon.in/SAFARI-Ltrs-Casual-Backpack-DAYPACKNEO15CBSEB/dp/B07Q7CNPMV,₹299,"13,418",4.0 out of 5 stars
275,"TRUE HUMAN Emperor Anti-Theft backpack With USB charging Port and anti -theft back pocket Laptop bag , office bag , college bag ( LEGEND )  ",https://www.amazon.in/TRUE-HUMAN-Anti-Theft-backpack-charging/dp/B09QJ7ZF2Y,₹689,224,3.9 out of 5 stars
276,"Fur Jaden 15.6 Inch Laptop Backpack 25 LTR Bag for School, College and Office with USB Charging Port  ",https://www.amazon.in/Casual-Backpack-Charging-Laptop-Compartment/dp/B07J46KLFP,₹499,"8,165",3.9 out of 5 stars
277,Northzone Lightweight School Bags Backpacks for Boys Girls Stylish Men and Women Casual Travel Laptop Bag College Office (Navy Blue) 40L  ,https://www.amazon.in/Northzone-Polyester-School-Backpack-Compartment/dp/B08678P2T7,₹625,"2,859",4.0 out of 5 stars
278,Martucci 15.6 inch 30 L Casual Waterproof Laptop Backpack/Office Bag/School Bag/College Bag/Business Bag/Unisex Travel Backpack(Black)  ,https://www.amazon.in/Martucci-Casual-Travelling-Laptop-Backpack/dp/B088B4P6ZW,₹599,"3,286",4.1 out of 5 stars
279,Fur Jaden Anti Theft Backpack 15.6 Inch Laptop Bag with USB Charging Port and Water Resistant Fabric  ,https://www.amazon.in/Fur-Jaden-Black-Waterproof-Backpack/dp/B078GLXMDY,₹799,"10,512",4.0 out of 5 stars
280,Fur Jaden Hiking Camping Rucksack Casual 10 Ltrs Blue Casual Backpack  ,https://www.amazon.in/Fur-Jaden-Rucksack-Backpack-BM43_Blue/dp/B07PS38XSP,₹249,"5,932",3.6 out of 5 stars
281,ADISA Laptop Backpack 31 Ltrs  ,https://www.amazon.in/ADISA-BP004-Weight-Casual-Backpack/dp/B07G3CG9FC,₹599,"7,126",4.0 out of 5 stars
282,Gear Classic Anti Theft Faux Leather 18 inch 48 cms Brown Laptop Backpack (LBPCLSLTH0201)  ,https://www.amazon.in/Gear-Classic-Leather-Backpack-LBPCLSLTH0201/dp/B07G4F6XFH,₹989,"3,981",4.4 out of 5 stars
283,Wooum 15.6 inch Laptop Bag Backpack Fashion Rucksack Casual Student School Bag Computer Bag College Bag Office Bag Business Bag Unisex Travel Backpack  ,https://www.amazon.in/Backpack-Fashion-Computer-Business-Black-BlueZip/dp/B08R7J19R8,₹449,"1,158",4.0 out of 5 stars
284,Lunar's Bingo - 48 L Laptop Office/School/Travel/Business Backpack Water Resistant - Fits Up to 15.6 Inch Laptop Notebook with 1 Year Warranty  ,https://www.amazon.in/Lunars-Bingo-Laptop-Resistant-48L/dp/B08YZ5XY31,₹954,"6,125",3.9 out of 5 stars
285,Lunar's Bingo - 48 L Laptop Office/School/Travel/Business Backpack Water Resistant - Fits Up to 15.6 Inch Laptop Notebook with 1 Year Warranty  ,https://www.amazon.in/Lunars-Bingo-Laptop-Resistant-48L/dp/B08YZ8FFBZ,₹899,"6,125",3.9 out of 5 stars
286,"POLESTAR Vintage 32 L College/ School/ Office/ Casual/ Travel Backpack with 15.6"" laptop compartment, suitable for both men & women,1 year warranty  ",https://www.amazon.in/POLESTAR-Vintage-Laptop-Backpack-bagpack/dp/B081GSQ9D9,₹619,"5,601",4.0 out of 5 stars
287,"AirCase C30 13.3 Inch/14 Inch/15.6 Inch Messenger Laptop Bag with Shoulder Strap, Water resistant, Multi Utility Compartments for all All iPad/Tablet (Black)  ",https://www.amazon.in/AirCase-C30-Messenger-Compartments-Multi-Pockets/dp/B07V47HHRG,"₹1,472",856,4.0 out of 5 stars
288,American Tourister Casual Backpack  ,https://www.amazon.in/American-Tourister-AMT-SCH-02/dp/B07CJCGM1M,₹999,"39,101",4.1 out of 5 stars
289,Half Moon 35 L Casual Waterproof Laptop Bag/Backpack for Men Women Boys Girls/Office School College Teens & Students with Rain Cover (18 Inch) (Navy)  ,https://www.amazon.in/Half-Moon-Waterproof-Backpack-Students/dp/B085MHDJ93,₹689,"9,781",3.9 out of 5 stars
290,SAFARI 15 Ltrs Sea Blue Casual/School/College Backpack (DAYPACKNEO15CBSEB)  ,https://www.amazon.in/SAFARI-Ltrs-Casual-Backpack-DAYPACKNEO15CBSEB/dp/B07Q7CNPMV,₹299,"13,418",4.0 out of 5 stars
291,"TRUE HUMAN Emperor Anti-Theft backpack With USB charging Port and anti -theft back pocket Laptop bag , office bag , college bag ( LEGEND )  ",https://www.amazon.in/TRUE-HUMAN-Anti-Theft-backpack-charging/dp/B09QJ7ZF2Y,₹689,224,3.9 out of 5 stars
292,"Fur Jaden 15.6 Inch Laptop Backpack 25 LTR Bag for School, College and Office with USB Charging Port  ",https://www.amazon.in/Casual-Backpack-Charging-Laptop-Compartment/dp/B07J46KLFP,₹499,"8,165",3.9 out of 5 stars
293,Northzone Lightweight School Bags Backpacks for Boys Girls Stylish Men and Women Casual Travel Laptop Bag College Office (Navy Blue) 40L  ,https://www.amazon.in/Northzone-Polyester-School-Backpack-Compartment/dp/B08678P2T7,₹625,"2,859",4.0 out of 5 stars
294,Martucci 15.6 inch 30 L Casual Waterproof Laptop Backpack/Office Bag/School Bag/College Bag/Business Bag/Unisex Travel Backpack(Black)  ,https://www.amazon.in/Martucci-Casual-Travelling-Laptop-Backpack/dp/B088B4P6ZW,₹599,"3,286",4.1 out of 5 stars
295,Fur Jaden Anti Theft Backpack 15.6 Inch Laptop Bag with USB Charging Port and Water Resistant Fabric  ,https://www.amazon.in/Fur-Jaden-Black-Waterproof-Backpack/dp/B078GLXMDY,₹799,"10,512",4.0 out of 5 stars
296,Fur Jaden Hiking Camping Rucksack Casual 10 Ltrs Blue Casual Backpack  ,https://www.amazon.in/Fur-Jaden-Rucksack-Backpack-BM43_Blue/dp/B07PS38XSP,₹249,"5,932",3.6 out of 5 stars
297,ADISA Laptop Backpack 31 Ltrs  ,https://www.amazon.in/ADISA-BP004-Weight-Casual-Backpack/dp/B07G3CG9FC,₹599,"7,126",4.0 out of 5 stars
298,Gear Classic Anti Theft Faux Leather 18 inch 48 cms Brown Laptop Backpack (LBPCLSLTH0201)  ,https://www.amazon.in/Gear-Classic-Leather-Backpack-LBPCLSLTH0201/dp/B07G4F6XFH,₹989,"3,981",4.4 out of 5 stars
299,Wooum 15.6 inch Laptop Bag Backpack Fashion Rucksack Casual Student School Bag Computer Bag College Bag Office Bag Business Bag Unisex Travel Backpack  ,https://www.amazon.in/Backpack-Fashion-Computer-Business-Black-BlueZip/dp/B08R7J19R8,₹449,"1,158",4.0 out of 5 stars
300,Lunar's Bingo - 48 L Laptop Office/School/Travel/Business Backpack Water Resistant - Fits Up to 15.6 Inch Laptop Notebook with 1 Year Warranty  ,https://www.amazon.in/Lunars-Bingo-Laptop-Resistant-48L/dp/B08YZ5XY31,₹954,"6,125",3.9 out of 5 stars
301,Lunar's Bingo - 48 L Laptop Office/School/Travel/Business Backpack Water Resistant - Fits Up to 15.6 Inch Laptop Notebook with 1 Year Warranty  ,https://www.amazon.in/Lunars-Bingo-Laptop-Resistant-48L/dp/B08YZ8FFBZ,₹899,"6,125",3.9 out of 5 stars
302,"POLESTAR Vintage 32 L College/ School/ Office/ Casual/ Travel Backpack with 15.6"" laptop compartment, suitable for both men & women,1 year warranty  ",https://www.amazon.in/POLESTAR-Vintage-Laptop-Backpack-bagpack/dp/B081GSQ9D9,₹619,"5,601",4.0 out of 5 stars
303,"AirCase C30 13.3 Inch/14 Inch/15.6 Inch Messenger Laptop Bag with Shoulder Strap, Water resistant, Multi Utility Compartments for all All iPad/Tablet (Black)  ",https://www.amazon.in/AirCase-C30-Messenger-Compartments-Multi-Pockets/dp/B07V47HHRG,"₹1,472",856,4.0 out of 5 stars
304,American Tourister Casual Backpack  ,https://www.amazon.in/American-Tourister-AMT-SCH-02/dp/B07CJCGM1M,₹999,"39,101",4.1 out of 5 stars
305,Half Moon 35 L Casual Waterproof Laptop Bag/Backpack for Men Women Boys Girls/Office School College Teens & Students with Rain Cover (18 Inch) (Navy)  ,https://www.amazon.in/Half-Moon-Waterproof-Backpack-Students/dp/B085MHDJ93,₹689,"9,781",3.9 out of 5 stars
306,SAFARI 15 Ltrs Sea Blue Casual/School/College Backpack (DAYPACKNEO15CBSEB)  ,https://www.amazon.in/SAFARI-Ltrs-Casual-Backpack-DAYPACKNEO15CBSEB/dp/B07Q7CNPMV,₹299,"13,418",4.0 out of 5 stars
307,"TRUE HUMAN Emperor Anti-Theft backpack With USB charging Port and anti -theft back pocket Laptop bag , office bag , college bag ( LEGEND )  ",https://www.amazon.in/TRUE-HUMAN-Anti-Theft-backpack-charging/dp/B09QJ7ZF2Y,₹689,224,3.9 out of 5 stars
308,"Fur Jaden 15.6 Inch Laptop Backpack 25 LTR Bag for School, College and Office with USB Charging Port  ",https://www.amazon.in/Casual-Backpack-Charging-Laptop-Compartment/dp/B07J46KLFP,₹499,"8,165",3.9 out of 5 stars
309,Northzone Lightweight School Bags Backpacks for Boys Girls Stylish Men and Women Casual Travel Laptop Bag College Office (Navy Blue) 40L  ,https://www.amazon.in/Northzone-Polyester-School-Backpack-Compartment/dp/B08678P2T7,₹625,"2,859",4.0 out of 5 stars
310,Martucci 15.6 inch 30 L Casual Waterproof Laptop Backpack/Office Bag/School Bag/College Bag/Business Bag/Unisex Travel Backpack(Black)  ,https://www.amazon.in/Martucci-Casual-Travelling-Laptop-Backpack/dp/B088B4P6ZW,₹599,"3,286",4.1 out of 5 stars
311,Fur Jaden Anti Theft Backpack 15.6 Inch Laptop Bag with USB Charging Port and Water Resistant Fabric  ,https://www.amazon.in/Fur-Jaden-Black-Waterproof-Backpack/dp/B078GLXMDY,₹799,"10,512",4.0 out of 5 stars
312,Fur Jaden Hiking Camping Rucksack Casual 10 Ltrs Blue Casual Backpack  ,https://www.amazon.in/Fur-Jaden-Rucksack-Backpack-BM43_Blue/dp/B07PS38XSP,₹249,"5,932",3.6 out of 5 stars
313,ADISA Laptop Backpack 31 Ltrs  ,https://www.amazon.in/ADISA-BP004-Weight-Casual-Backpack/dp/B07G3CG9FC,₹599,"7,126",4.0 out of 5 stars
314,Gear Classic Anti Theft Faux Leather 18 inch 48 cms Brown Laptop Backpack (LBPCLSLTH0201)  ,https://www.amazon.in/Gear-Classic-Leather-Backpack-LBPCLSLTH0201/dp/B07G4F6XFH,₹989,"3,981",4.4 out of 5 stars
315,Wooum 15.6 inch Laptop Bag Backpack Fashion Rucksack Casual Student School Bag Computer Bag College Bag Office Bag Business Bag Unisex Travel Backpack  ,https://www.amazon.in/Backpack-Fashion-Computer-Business-Black-BlueZip/dp/B08R7J19R8,₹449,"1,158",4.0 out of 5 stars
316,Lunar's Bingo - 48 L Laptop Office/School/Travel/Business Backpack Water Resistant - Fits Up to 15.6 Inch Laptop Notebook with 1 Year Warranty  ,https://www.amazon.in/Lunars-Bingo-Laptop-Resistant-48L/dp/B08YZ5XY31,₹954,"6,125",3.9 out of 5 stars
317,Lunar's Bingo - 48 L Laptop Office/School/Travel/Business Backpack Water Resistant - Fits Up to 15.6 Inch Laptop Notebook with 1 Year Warranty  ,https://www.amazon.in/Lunars-Bingo-Laptop-Resistant-48L/dp/B08YZ8FFBZ,₹899,"6,125",3.9 out of 5 stars
318,"POLESTAR Vintage 32 L College/ School/ Office/ Casual/ Travel Backpack with 15.6"" laptop compartment, suitable for both men & women,1 year warranty  ",https://www.amazon.in/POLESTAR-Vintage-Laptop-Backpack-bagpack/dp/B081GSQ9D9,₹619,"5,601",4.0 out of 5 stars
319,"AirCase C30 13.3 Inch/14 Inch/15.6 Inch Messenger Laptop Bag with Shoulder Strap, Water resistant, Multi Utility Compartments for all All iPad/Tablet (Black)  ",https://www.amazon.in/AirCase-C30-Messenger-Compartments-Multi-Pockets/dp/B07V47HHRG,"₹1,472",856,4.0 out of 5 stars
